{"mean": [0.07600993103448309, 0.07404110344827664, 0.7982493793103681, -1.4179809655172328, 3.8661307586207414, -1.7086424827586053], 
"std": [0.39559943085713895, 0.37536671242035574, 0.28198632911891575, 35.98536594543681, 27.515647539285258, 44.553856750647626]}